Ticker,Filing_Date,Purchase_Value
AARD  ,2025-02-19,20000000.0
AB    ,2024-09-24,17091700.0
AB    ,2024-11-06,24581900.0
AB    ,2025-04-04,757793421.0
ABG   ,2025-08-01,10571698.0
ABOS  ,2023-07-25,39999998.0
ACAD  ,2023-05-24,22707098.0
ACDC  ,2023-03-30,11011988.0
ACDC  ,2024-05-21,13336142.0
ACDC  ,2025-08-18,20000000.0
ACHR  ,2023-10-18,69999504.0
ACHR  ,2024-03-08,15634780.0
ACHR  ,2024-07-03,54999824.0
ACRV  ,2022-11-21,42368750.0
ACRV  ,2024-04-15,20000500.0
ADGI  ,2022-08-19,12194680.0
AEVA  ,2023-11-13,14455501.0
AEVA  ,2025-03-26,11229740.0
AEVA  ,2025-03-31,23284844.0
AEVA  ,2025-05-09,23284844.0
AKRO  ,2023-05-23,15440000.0
AKRO  ,2023-06-15,15440000.0
AKUS  ,2022-12-01,374908350.0
AKYA  ,2023-06-12,10100000.0
ALKT  ,2025-08-13,59376764.0
ALLK  ,2022-09-23,19999680.0
ALMS  ,2024-07-03,120000000.0
ALMS  ,2024-08-27,25000000.0
ALR   ,2023-03-20,29312150.0
ALV   ,2022-08-25,21172795.0
ALV   ,2022-08-31,27874987.0
ALVR  ,2023-06-28,10990763.0
AMAM  ,2023-03-16,10211400.0
AMAM  ,2023-04-17,25319289.0
AMAM  ,2023-04-20,58950690.0
AMAM  ,2023-09-19,19625601.0
AMH   ,2022-05-16,5642437836.0
AMH   ,2022-09-09,15430415.0
AMKR  ,2025-02-26,94999975.0
AMR   ,2025-09-17,16043392.0
AMRZ  ,2025-08-12,51793746.0
ANAB  ,2022-05-09,2948609064.0
ANEB  ,2024-12-26,10000000.0
ANNX  ,2023-02-14,17999994.0
ANTX  ,2023-08-22,16000002.0
AON   ,2024-02-09,15098480.0
APGE  ,2023-07-17,79749992.0
APO   ,2025-04-08,67697526.0
APPN  ,2022-05-09,7222254024.0
APPN  ,2022-05-12,7543235376.0
APPN  ,2022-05-19,2926478532.0
APPN  ,2022-11-14,11730974.0
APPN  ,2023-01-19,11891120.0
APPN  ,2023-01-24,11139394.0
APPN  ,2024-07-09,18941828.0
APPN  ,2024-07-12,18127291.0
APPN  ,2024-07-18,10592253.0
APPN  ,2024-07-31,16724782.0
APPN  ,2024-08-14,12848802.0
APPN  ,2024-08-16,25084825.0
APRN  ,2022-05-02,8159999184.0
APRN  ,2022-08-08,14279998368.0
APRN  ,2022-09-07,76499992.0
AREN  ,2024-02-16,11999999.0
ARTV  ,2024-07-22,49999968.0
ARTV  ,2024-07-24,99999996.0
ASAN  ,2022-09-09,349999986.0
ASAN  ,2023-08-21,13787660.0
ASAN  ,2023-09-12,11142385.0
ASAN  ,2023-09-20,18310600.0
ASAN  ,2023-09-27,17442775.0
ASAN  ,2023-09-29,11689591.0
ASAN  ,2023-10-05,17792950.0
ASH   ,2022-09-06,22460431.0
ASMB  ,2024-12-23,20098464.0
ASPN  ,2022-12-06,100000002.0
ATAI  ,2025-02-19,22755008.0
ATAI  ,2025-08-18,19000000.0
ATXS  ,2024-02-05,29999522.0
AUPH  ,2024-12-09,10822000.0
AUPH  ,2025-03-04,12713126.0
AUPH  ,2025-08-05,13590000.0
AUR   ,2024-05-24,74999997.0
AURA  ,2022-12-07,15000000.0
AURA  ,2023-11-09,14040000.0
AXLA  ,2022-10-17,17029366.0
BBNX  ,2025-02-03,17000000.0
BBY   ,2022-05-27,4059750552.0
BBY   ,2022-06-02,4059750552.0
BCAX  ,2024-09-18,32994000.0
BCYC  ,2024-12-17,21230385.0
BDSX  ,2022-11-21,10000000.0
BDSX  ,2023-01-05,12500000.0
BETA  ,2025-11-07,97000017.0
BGC   ,2025-10-06,247895454.0
BHC   ,2025-06-12,14700257.0
BHC   ,2025-06-17,21170510.0
BHC   ,2025-08-13,21267731.0
BHC   ,2025-08-14,312490062.0
BHVN  ,2022-10-26,40950000.0
BHVN  ,2023-03-22,38953100.0
BIOA  ,2024-09-27,28199970.0
BLDR  ,2025-05-12,55483770.0
BLFS  ,2023-10-23,10374976.0
BMACX ,2025-05-02,24900000.0
BMEA  ,2023-04-03,12000000.0
BNED  ,2024-06-11,10124039.0
BNTC  ,2025-03-28,11700000.0
BRK.A ,2022-10-03,58946426.0
BRZE  ,2022-09-20,43495878.0
BRZE  ,2022-10-03,50897748.0
BTSG  ,2024-09-13,258661156.0
CAMP  ,2024-10-17,14999996.0
CAPR  ,2024-09-24,14999998.0
CARL  ,2025-07-24,39999990.0
CART  ,2023-09-22,90000000.0
CART  ,2023-09-25,30000000.0
CART  ,2024-02-22,230622840.0
CATX  ,2024-03-08,57409487.0
CCIF  ,2023-08-30,29183555.0
CCIF  ,2023-09-14,10816455.0
CCLFX ,2023-12-21,2147483647.0
CDTX  ,2025-06-30,99999988.0
CDZI  ,2023-02-02,14112000.0
CEM   ,2022-11-21,10000025.0
CERE  ,2022-08-18,49875000.0
CERE  ,2023-10-17,19999990.0
CERE  ,2023-10-18,374999958.0
CGEM  ,2022-05-16,2053043148.0
CGON  ,2025-09-15,49999983.0
CHPT  ,2022-12-29,11899172.0
CHTR  ,2022-11-03,10174605.0
CINC  ,2022-08-15,30180000.0
CINC  ,2022-08-17,18000000.0
CLVT  ,2024-11-22,17863350.0
CNA   ,2023-08-02,175078205.0
COGT  ,2025-07-14,24999993.0
COIN  ,2022-05-17,10200035904.0
COIN  ,2022-05-19,5102787660.0
COIN  ,2023-05-11,50035002.0
COTY  ,2023-10-04,32400000.0
CPNG  ,2024-05-14,20389447.0
CPNG  ,2024-08-12,21227301.0
CPNG  ,2024-08-15,11237209.0
CPNG  ,2024-11-12,54632027.0
CPNG  ,2025-05-16,37540910.0
CRBP  ,2024-02-06,14250000.0
CRBP  ,2024-03-11,23327560.0
CRGX  ,2023-11-14,19999995.0
CRK   ,2024-03-25,100450000.0
CRK   ,2024-08-07,21031736.0
CRK   ,2024-08-12,25788770.0
CRK   ,2024-08-15,30709842.0
CRK   ,2024-08-22,34440327.0
CRK   ,2024-08-27,19395166.0
CRM   ,2024-06-05,99796760.0
CRMT  ,2024-09-23,34999979.0
CRSP  ,2025-07-17,51499918.0
CRSR  ,2022-11-17,104999994.0
CRWV  ,2025-05-13,19999674.0
CTOS  ,2025-02-03,65149080.0
CVI   ,2025-01-10,16027369.0
CVI   ,2025-04-10,11128809.0
CVNA  ,2022-06-14,8577549240.0
CVNA  ,2022-06-15,8577549240.0
DAVE  ,2022-09-30,15329981.0
DAWN  ,2022-06-21,3672000000.0
DAWN  ,2022-06-22,4692002040.0
DAWN  ,2023-10-20,14978327.0
DCPH  ,2023-01-24,29999988.0
DDOG  ,2022-11-09,49999940.0
DDOG  ,2022-11-14,19999978.0
DDOG  ,2022-12-07,13326758.0
DFIN  ,2022-05-11,5369986044.0
DHC   ,2023-06-09,14716574.0
DHC   ,2023-06-14,17937922.0
DHHC  ,2023-01-13,10090000.0
DICE  ,2022-10-19,59860000.0
DICE  ,2023-03-27,13457372.0
DICE  ,2023-03-30,14798693.0
DISH  ,2022-05-16,4954028004.0
DISH  ,2023-03-06,15718000.0
DISH  ,2023-05-15,18586000.0
DLTR  ,2023-12-21,99281877.0
DSGN  ,2023-09-06,14000000.0
DUOL  ,2022-05-11,2103592104.0
DYN   ,2022-12-14,20000034.0
DYN   ,2024-01-11,29999988.0
ECL   ,2022-08-15,31805058.0
ECL   ,2022-08-17,25415286.0
ECL   ,2022-08-19,19653142.0
ECL   ,2022-08-23,10053841.0
EGLE  ,2024-04-05,10654880.0
EL    ,2024-11-15,10045534.0
ELIQ  ,2023-08-02,15625000.0
ELYM  ,2024-07-01,49952817.0
EP    ,2023-12-01,10054656.0
ESAB  ,2022-11-17,20000000.0
ESGR  ,2023-11-08,10223100.0
ESI   ,2022-11-15,17202420.0
ESTE  ,2022-10-11,31205050.0
ET    ,2022-08-11,3550935384.0
ET    ,2022-09-12,29242114.0
ET    ,2022-11-08,14824650.0
ET    ,2022-11-28,16107000.0
ET    ,2023-02-23,17398780.0
ET    ,2023-02-27,21670856.0
ET    ,2023-05-17,12490000.0
ET    ,2023-08-21,38892500.0
ET    ,2023-11-08,13530000.0
ET    ,2023-11-09,13330000.0
ET    ,2024-08-13,47040000.0
ET    ,2025-08-21,34681000.0
ETNB  ,2023-03-30,39999993.0
ETNB  ,2024-03-06,20722500.0
ETNB  ,2025-02-03,49999994.0
ETTX  ,2022-07-13,8648589588.0
EVA   ,2022-10-12,10137897.0
EVA   ,2022-12-02,12528167.0
EVGO  ,2023-05-24,24999996.0
EVLO  ,2022-06-01,8159999592.0
EVLO  ,2023-07-13,12499999.0
EWTX  ,2025-04-04,20000000.0
EXPR  ,2023-02-03,25000002.0
EYPT  ,2023-12-06,41874151.0
EYPT  ,2024-01-11,17051100.0
EYPT  ,2024-04-22,10489446.0
EYPT  ,2024-05-08,10081721.0
FBSPX ,2023-05-02,25000000.0
FDMT  ,2023-05-11,13600000.0
FG    ,2025-03-28,151200000.0
FISV  ,2022-05-04,2179407072.0
FISV  ,2022-05-10,9610846572.0
FISV  ,2022-06-14,18754060068.0
FLCX  ,2023-10-18,12127500.0
FLYX  ,2024-03-06,25000000.0
FOA   ,2023-04-04,60000004.0
FOUR  ,2025-08-11,16266182.0
FPH   ,2024-10-24,10341526.0
FRSH  ,2022-09-13,23015363.0
FRSH  ,2022-09-21,23123044.0
FRSH  ,2022-12-07,24850800.0
FSR   ,2023-03-28,10253903.0
FSUN  ,2025-03-13,38003177.0
FULC  ,2022-12-16,13073874.0
FULC  ,2023-01-24,24999988.0
FVR   ,2024-10-08,15494579.0
FYBR  ,2023-03-29,132035500.0
GBTG  ,2022-06-01,4080000000.0
GIM   ,2022-10-07,12670738.0
GLG   ,2022-11-30,23000000.0
GLG   ,2023-02-01,12100000.0
GME   ,2023-06-13,10000392.0
GME   ,2025-04-07,10775000.0
GRBK  ,2024-11-15,70346993.0
GRIL  ,2023-07-18,27629010.0
GRNA  ,2022-08-15,62749996.0
GRND  ,2025-10-14,13150000.0
GROV  ,2022-06-21,13609908960.0
GRPN  ,2022-05-11,4820418816.0
GRPN  ,2022-12-22,48899512.0
GTES  ,2024-02-20,12200000.0
GTLB  ,2022-05-12,2346146268.0
GTLB  ,2022-11-08,17090059.0
GTLB  ,2022-12-29,29029723.0
GTLB  ,2023-02-02,33029798.0
GTLB  ,2023-03-15,18988146.0
GTLB  ,2023-05-05,19473993.0
GWRS  ,2025-03-31,11872000.0
HARP  ,2023-03-27,10000000.0
HARP  ,2024-03-11,492135715.0
HCA   ,2022-05-04,3852132204.0
HCP   ,2022-05-10,6346861464.0
HHC   ,2022-11-30,109214243.0
HHC   ,2022-12-07,49454688.0
HHH   ,2023-11-09,13742952.0
HHH   ,2023-11-14,11469255.0
HHH   ,2023-11-17,14986272.0
HHH   ,2023-11-22,12732845.0
HHH   ,2023-11-28,12048717.0
HHH   ,2023-12-01,10749231.0
HLLY  ,2022-08-08,2244000000.0
HLVX  ,2022-05-03,6120000408.0
HLXB  ,2024-02-13,24000000.0
HPK   ,2022-08-24,50000008.0
HPK   ,2023-07-21,80996685.0
HRT   ,2022-06-16,2492627040.0
HRT   ,2022-06-21,4537237848.0
HSAQ  ,2022-07-25,2042040000.0
HSAQ  ,2023-01-26,18085120.0
HUBG  ,2022-08-11,3358764528.0
HYEX  ,2025-08-22,23536656.0
HYMC  ,2025-06-17,22225000.0
HYMC  ,2025-09-12,39995333.0
HYMC  ,2025-10-16,49985000.0
IBTA  ,2024-04-22,49999928.0
IHRT  ,2022-05-05,5035835676.0
IHRT  ,2022-05-09,19464931320.0
IHT   ,2022-06-03,21692768400.0
IHT   ,2022-12-29,36075000.0
IHT   ,2023-01-04,2147483647.0
IHT   ,2023-09-21,45666800.0
IMCR  ,2025-03-19,23993224.0
IMVT  ,2023-10-04,58000008.0
IMVT  ,2025-01-15,336900200.0
INBX  ,2022-10-12,39999857.0
IOVA  ,2022-12-02,65000000.0
IOVA  ,2023-09-15,26500000.0
IOVA  ,2024-02-20,45750000.0
IRON  ,2023-02-17,10000009.0
ITOS  ,2025-05-16,38685562.0
IVZ   ,2022-06-15,5450657436.0
JANX  ,2024-10-22,53700000.0
JANX  ,2025-03-07,25342965.0
JEF   ,2024-09-19,551773323.0
JELD  ,2024-11-07,10368700.0
JOBY  ,2025-05-27,250000004.0
KDP   ,2025-01-31,120677464.0
KIND  ,2022-06-07,3964123308.0
KIND  ,2022-06-09,2655951888.0
KMI   ,2025-10-28,25964900.0
KRTX  ,2022-07-01,3006176232.0
KYMR  ,2022-08-23,14183650.0
KYMR  ,2025-06-30,28842000.0
KYMR  ,2025-07-01,13955348.0
KYTX  ,2024-02-13,20020000.0
L     ,2023-06-02,18781400.0
LAZY  ,2022-11-14,24245192.0
LAZY  ,2023-03-02,15895555.0
LAZY  ,2024-11-19,14999999.0
LBRX  ,2025-09-16,69999990.0
LCID  ,2022-12-27,914999991.0
LCID  ,2023-06-26,1814687991.0
LCID  ,2024-11-04,1026524108.0
LENZ  ,2024-03-25,15000075.0
LGF   ,2024-08-13,17185963.0
LGF   ,2025-04-09,17831883.0
LION  ,2025-05-30,48849225.0
LRMR  ,2022-09-20,34999990.0
LRMR  ,2024-02-16,37499993.0
LRMR  ,2025-08-04,30000000.0
LSXMA ,2024-01-04,32461815.0
LSXMA ,2024-01-17,36606505.0
LSXMA ,2024-01-18,32461815.0
LSXMA ,2024-01-25,13602274.0
LSXMA ,2024-02-01,24288447.0
LSXMA ,2024-03-06,43582062.0
LSXMA ,2024-03-12,111400245.0
LSXMA ,2024-03-25,36914291.0
LSXMA ,2024-03-28,73403470.0
LSXMA ,2024-04-08,30686367.0
LSXMA ,2024-04-12,20835787.0
LSXMA ,2024-04-26,12318533.0
LSXMK ,2024-01-04,49675721.0
LSXMK ,2024-01-17,48364344.0
LSXMK ,2024-01-18,49675721.0
LSXMK ,2024-01-25,31057580.0
LSXMK ,2024-02-01,31150290.0
LSXMK ,2024-03-06,63890925.0
LSXMK ,2024-03-12,176677445.0
LSXMK ,2024-03-25,36767141.0
LSXMK ,2024-03-28,221178883.0
LSXMK ,2024-04-08,66419518.0
LSXMK ,2024-04-12,29324738.0
LSXMK ,2024-04-26,15870000.0
LUV   ,2024-10-02,91015975.0
LXRX  ,2022-08-01,8248638000.0
LXRX  ,2023-06-05,72215130.0
MAX   ,2023-06-30,59168160.0
MBLY  ,2022-10-31,10000011.0
MBLY  ,2024-08-05,10434093.0
MBX   ,2024-09-17,56000000.0
MBX   ,2025-09-30,11999988.0
MCRB  ,2022-07-07,5615194860.0
MDGL  ,2023-11-15,15801021.0
MDGL  ,2023-11-21,24075620.0
MDGL  ,2023-12-14,22516577.0
MDGL  ,2025-08-20,61921024.0
MDIA  ,2022-07-29,6094276824.0
MDRX  ,2024-03-04,66001500.0
MDRX  ,2024-03-15,66001500.0
MEDP  ,2022-09-06,26286758.0
MEDP  ,2022-09-08,33743038.0
MEDP  ,2022-09-12,36420446.0
MEDP  ,2022-09-14,40597556.0
MEDP  ,2022-09-16,38231034.0
MEDP  ,2022-09-20,47593054.0
MEDP  ,2022-09-22,59628152.0
MGTX  ,2023-05-15,25000000.0
MGX   ,2024-02-15,13025000.0
MIDD  ,2025-05-13,65551806.0
MIDD  ,2025-05-22,20279599.0
MIST  ,2022-09-09,13564484.0
MLPT  ,2025-10-29,92499992.0
MLTX  ,2023-03-22,16774846.0
MLTX  ,2023-06-28,20535012.0
MLTX  ,2023-07-05,40000000.0
MLTX  ,2023-10-04,16800343.0
MLYS  ,2023-02-16,35000000.0
MLYS  ,2025-03-17,17499996.0
MLYS  ,2025-09-08,44999978.0
MMU   ,2023-02-28,20277776.0
MNKTQ ,2024-05-13,26300000.0
MNKTQ ,2024-06-18,14506250.0
MNR   ,2025-02-10,79999995.0
MNRO  ,2025-11-07,11102374.0
MODV  ,2023-08-10,15578213.0
MODV  ,2023-09-15,10816829.0
MORF  ,2023-05-04,47250000.0
MPLT  ,2025-10-30,16199997.0
MRCY  ,2024-02-13,37270159.0
MRTX  ,2023-08-15,69998898.0
MSM   ,2022-07-14,2947800000.0
MSM   ,2025-04-09,11101253.0
MSM   ,2025-11-03,15408432.0
MSTR  ,2025-07-29,19800000.0
MTSR  ,2025-02-03,94219956.0
MYOV  ,2023-03-10,1393178400.0
NCR   ,2022-11-14,17502346.0
NE    ,2024-07-05,13243965.0
NE    ,2024-07-15,28918022.0
NE    ,2024-11-08,46104795.0
NE    ,2024-11-12,24537776.0
NEGG  ,2025-07-21,12369205.0
NEXT  ,2024-07-31,87681818.0
NFE   ,2024-10-03,49999993.0
NG    ,2025-05-09,50000003.0
NGM   ,2022-06-13,8131138488.0
NH    ,2023-08-30,15999975.0
NKLA  ,2022-08-24,17400000.0
NKTX  ,2024-03-28,20000000.0
NKTX  ,2024-03-29,30000000.0
NLOK  ,2022-06-15,11334423600.0
NMRA  ,2023-09-19,29999985.0
NMRA  ,2023-09-20,76500000.0
NN    ,2022-06-15,6693343428.0
NOSYM ,2022-06-03,3195179784.0
NRBO  ,2024-07-10,10000003.0
NRDY  ,2022-08-23,17500000.0
NSIT  ,2022-05-12,2394144000.0
NSIT  ,2022-05-25,3110673600.0
NSIT  ,2022-08-29,10234313.0
NSIT  ,2023-02-16,10905171.0
NTSK  ,2025-09-22,114000000.0
NUVL  ,2022-11-07,21775000.0
NVTS  ,2025-07-30,163894850.0
OCX   ,2025-02-10,10589675.0
OLMA  ,2023-09-14,14818371.0
OMGA  ,2023-02-27,19208732.0
OMI   ,2025-03-04,27386158.0
OSCR  ,2024-11-13,28859964.0
OXY   ,2022-05-04,68589629700.0
OXY   ,2022-05-12,10544829564.0
OXY   ,2022-06-22,107872539432.0
OXY   ,2022-06-27,8976293760.0
OXY   ,2022-07-01,118819685760.0
OXY   ,2022-07-07,142346701188.0
OXY   ,2022-07-13,50967738012.0
OXY   ,2022-07-18,22871107692.0
OXY   ,2022-07-19,2948885280.0
OXY   ,2022-08-08,79706768616.0
OXY   ,2022-09-28,352492331.0
OXY   ,2023-03-07,354513472.0
OXY   ,2023-03-15,466678970.0
OXY   ,2023-03-27,216244695.0
OXY   ,2023-05-15,125746876.0
OXY   ,2023-05-18,201421322.0
OXY   ,2023-05-30,272996222.0
OXY   ,2023-06-28,122104510.0
OXY   ,2023-10-25,246408342.0
OXY   ,2023-12-13,588674276.0
OXY   ,2023-12-21,312092882.0
OXY   ,2024-02-05,245879813.0
OXY   ,2024-06-07,153292504.0
OXY   ,2024-06-12,105550532.0
OXY   ,2024-06-17,175976799.0
OXY   ,2024-12-19,409153148.0
OXY   ,2025-02-11,35724074.0
PAMT  ,2025-09-15,21490000.0
PARA  ,2022-05-18,4270787532.0
PBF   ,2024-01-17,53714815.0
PBF   ,2024-01-19,20784550.0
PBF   ,2024-06-05,12603768.0
PBF   ,2024-06-14,23075058.0
PBF   ,2024-06-18,28134433.0
PBF   ,2024-06-21,24695145.0
PBF   ,2024-06-25,30828270.0
PBF   ,2024-07-01,14468911.0
PBF   ,2024-08-05,13903588.0
PBF   ,2024-09-05,40233355.0
PBF   ,2024-09-09,40813354.0
PBF   ,2024-09-11,24622874.0
PBF   ,2024-09-13,26433368.0
PBF   ,2024-09-24,16391491.0
PBF   ,2024-10-17,31816000.0
PBF   ,2024-10-25,15513108.0
PBF   ,2024-10-30,11657328.0
PBF   ,2024-11-01,17874956.0
PBF   ,2024-12-02,18985493.0
PCOR  ,2022-06-14,9995791104.0
PCT   ,2024-09-16,20000003.0
PEPG  ,2022-05-12,7905081600.0
PEPG  ,2024-02-13,27212790.0
PEPG  ,2024-04-09,10559640.0
PEPG  ,2025-09-30,30000000.0
PFSW  ,2022-12-30,15658000.0
PGEN  ,2023-01-31,19999999.0
PGEN  ,2024-08-13,19999999.0
PI    ,2023-02-14,13976391.0
PI    ,2023-02-16,13976391.0
PI    ,2023-08-15,15365492.0
PI    ,2023-08-17,13781138.0
PI    ,2023-08-18,11437951.0
PI    ,2024-09-16,20000003.0
PLAY  ,2022-12-16,24233458.0
PLAY  ,2022-12-21,35853760.0
PLAY  ,2022-12-27,28499696.0
PLBY  ,2023-03-23,18672102.0
PLCE  ,2024-02-13,20387178.0
PLCE  ,2024-02-14,24749525.0
PLCE  ,2024-02-15,10779027.0
PLCE  ,2024-02-16,55915730.0
PLPC  ,2022-09-16,107945280.0
PLSE  ,2023-05-10,65249320.0
PLYA  ,2025-06-16,13454006.0
PLYA  ,2025-06-20,14781299.0
POST  ,2025-06-09,20376135.0
PPTA  ,2025-06-16,99999992.0
PRM   ,2022-05-10,2823360000.0
PRME  ,2022-10-26,40800000.0
PRME  ,2024-02-20,60000000.0
PROK  ,2024-06-14,54735340.0
PROK  ,2024-06-25,19999998.0
PRPL  ,2022-05-16,3264057120.0
PRPL  ,2022-05-18,3189090588.0
PRPL  ,2023-02-14,26821440.0
PRTA  ,2022-05-09,6291482196.0
PSNL  ,2024-08-20,17745000.0
PTN   ,2025-06-17,450000000.0
PTSI  ,2023-08-03,133388816.0
PTSI  ,2023-09-25,134890937.0
PTSI  ,2024-07-31,74072087.0
RANI  ,2023-12-08,10582982.0
RAPT  ,2022-05-12,5442465000.0
RBT   ,2023-08-03,12875000.0
RCKT  ,2022-10-11,19999997.0
RCUS  ,2023-06-30,19452600.0
RCUS  ,2024-01-31,319999995.0
RCUS  ,2025-02-20,14999996.0
RDUS  ,2022-08-12,16907067.0
REEMF ,2024-03-19,29326030.0
REZI  ,2025-05-09,99999992.0
REZI  ,2025-07-25,99999992.0
REZI  ,2025-08-12,35207907.0
REZI  ,2025-08-18,20669928.0
REZI  ,2025-08-21,21922639.0
REZI  ,2025-09-04,13726148.0
RFL   ,2025-06-09,16742985.0
RIG   ,2024-05-17,36060000.0
RIG   ,2024-08-05,31380000.0
RIG   ,2025-09-30,36600000.0
ROIV  ,2022-11-14,20000000.0
RPD   ,2025-08-13,15135356.0
RPT   ,2025-03-21,10000000.0
RPTX  ,2022-06-06,4459303116.0
RRR   ,2024-05-15,40312000.0
RUM   ,2022-09-20,11590000.0
RVMD  ,2023-03-10,14145604.0
RVMD  ,2024-12-09,59999962.0
RXO   ,2024-02-06,15135336.0
RXO   ,2024-02-12,37879453.0
RXO   ,2024-04-19,24305626.0
RXO   ,2024-08-14,207492230.0
RYAN  ,2022-11-21,11021025.0
RYAN  ,2022-11-22,10923930.0
RYAN  ,2022-11-23,11054570.0
RYAN  ,2025-09-15,14340264.0
RYZB  ,2023-09-21,50000004.0
RZLT  ,2024-03-19,17000003.0
SATS  ,2024-11-14,43499994.0
SBOW  ,2022-07-12,3465073212.0
SCU   ,2023-11-20,376743303.0
SEPN  ,2024-10-28,11700000.0
SEPN  ,2024-10-30,75060000.0
SFD   ,2025-01-30,64000000.0
SFD   ,2025-09-09,41850000.0
SGTX  ,2023-08-14,25639916.0
SION  ,2025-02-10,20250000.0
SION  ,2025-02-12,20250000.0
SIRE  ,2023-05-26,131443725.0
SIRI  ,2024-10-11,86730943.0
SIRI  ,2024-10-18,42143337.0
SIRI  ,2024-10-31,60692845.0
SIRI  ,2024-12-19,107234753.0
SIRI  ,2025-02-03,53957343.0
SIRI  ,2025-08-04,106454379.0
SIX   ,2022-05-17,5003589192.0
SIX   ,2022-08-15,25009160.0
SIX   ,2022-08-23,23225900.0
SIX   ,2022-11-14,26088582.0
SKYE  ,2024-02-02,12026031.0
SLDB  ,2024-01-12,18861243.0
SLDB  ,2025-02-21,20150000.0
SLNO  ,2023-09-28,15113916.0
SLRN  ,2023-05-11,46080000.0
SLSN  ,2025-06-02,28093800.0
SMFR  ,2022-05-03,22746000000.0
SMFR  ,2022-05-05,5100000000.0
SMMT  ,2022-08-18,92003727.0
SMMT  ,2023-03-08,420017770.0
SMMT  ,2023-03-13,24703396.0
SNDA  ,2024-02-05,10000004.0
SNX   ,2022-10-06,877827292.0
SOC   ,2024-02-16,92200055.0
SOC   ,2024-09-23,15000000.0
SOC   ,2025-10-17,14777319.0
SONM  ,2022-07-14,2386800000.0
SONO  ,2025-07-29,14803883.0
SPRY  ,2023-08-31,23250000.0
SPRY  ,2024-03-27,13289410.0
SQ    ,2023-11-13,27515119.0
SQ    ,2024-08-08,25001587.0
SRLP  ,2022-11-01,133787660.0
SRRK  ,2023-10-16,15086736.0
SRRK  ,2023-10-18,30000000.0
SRRK  ,2025-10-07,18807352.0
SRZN  ,2025-03-28,11999991.0
ST    ,2024-05-06,10636267.0
STAA  ,2023-09-21,11689354.0
STAA  ,2023-11-06,10797514.0
STAA  ,2023-11-30,13703831.0
STAA  ,2025-03-03,11275555.0
STAA  ,2025-04-07,13627504.0
STSA  ,2023-06-08,47803114.0
SUNS  ,2025-01-29,12000000.0
SWX   ,2023-03-10,140250040.0
SWX   ,2023-03-14,32015082.0
SWX   ,2023-03-17,12289825.0
SWX   ,2023-03-23,31627639.0
SWX   ,2023-03-28,18544810.0
SWX   ,2023-05-26,12907426.0
SYM   ,2023-07-25,500000002.0
TAKAX ,2022-09-06,18000000.0
TAKAX ,2023-06-16,20000000.0
TAKNX ,2025-03-24,40000000.0
TALO  ,2023-11-13,21704007.0
TALO  ,2024-01-19,229999992.0
TALO  ,2024-03-15,14255198.0
TALO  ,2024-05-31,20052760.0
TALO  ,2024-08-05,10280367.0
TALO  ,2024-09-05,26547134.0
TBN   ,2024-07-02,12000000.0
TBPH  ,2024-05-03,13117335.0
TDG   ,2022-05-23,5432532852.0
TDG   ,2022-06-03,5432532852.0
TECX  ,2024-10-24,10077000.0
TECX  ,2025-02-07,39999977.0
TGLS  ,2023-03-09,21950351.0
THS   ,2025-05-12,12660607.0
TKNO  ,2023-09-21,14999998.0
TKNO  ,2024-07-16,14999999.0
TKO   ,2024-04-11,292481520.0
TKO   ,2024-10-01,146240760.0
TKO   ,2024-12-13,144400146.0
TKO   ,2024-12-18,232209852.0
TKO   ,2025-01-22,150844020.0
TKO   ,2025-01-27,143995800.0
TKO   ,2025-01-30,122133597.0
TKO   ,2025-02-04,118661325.0
TKO   ,2025-02-07,162545310.0
TKO   ,2025-02-12,204385413.0
TKO   ,2025-06-04,499999892.0
TNYA  ,2022-11-23,49999996.0
TNYA  ,2025-03-07,49999998.0
TOST  ,2023-05-16,12534400.0
TPIC  ,2025-02-14,12891120.0
TRS   ,2025-03-11,19288114.0
TRS   ,2025-05-23,12337986.0
TSHA  ,2023-08-16,14820000.0
TSLA  ,2025-09-15,999959042.0
TWLO  ,2023-02-27,10000103.0
TWNP  ,2025-06-06,31200345.0
TWTR  ,2022-05-18,4071370800.0
TXMD  ,2022-08-01,3059989800.0
TXO   ,2024-06-28,17560000.0
TXO   ,2025-05-15,44250000.0
TYG   ,2024-12-20,2147483647.0
TYG   ,2025-08-25,15000000.0
TYRA  ,2024-11-13,19836066.0
TYRA  ,2025-06-06,11751304.0
TZOO  ,2023-01-04,30008000.0
UBI   ,2022-05-31,4303568292.0
UHAL  ,2022-11-18,97339926.0
UHAL  ,2022-11-30,84697482.0
UHAL  ,2022-12-09,48393810.0
ULH   ,2023-08-03,352096587.0
ULH   ,2023-09-25,366110189.0
UNH   ,2025-05-16,25019019.0
UPB   ,2024-10-17,48025000.0
VAC   ,2025-06-20,50873606.0
VAQC  ,2023-02-14,11000000.0
VERA  ,2023-02-08,23999990.0
VERV  ,2023-12-05,18000000.0
VGAS  ,2025-01-31,50000000.0
VOXX  ,2023-10-10,15700000.0
VOXX  ,2024-01-08,15687500.0
VOXX  ,2024-01-10,31375000.0
VOXX  ,2024-08-27,15762500.0
VOXX  ,2025-04-02,15762500.0
VRDN  ,2024-09-17,30000000.0
VREO  ,2025-03-13,20084466.0
VRSN  ,2024-12-19,45403468.0
VRSN  ,2024-12-26,28547896.0
VRSN  ,2024-12-30,15574537.0
VSCO  ,2025-03-12,17321337.0
VSCO  ,2025-04-01,10793955.0
VSTS  ,2024-05-08,34321684.0
VTGN  ,2023-08-09,17961079.0
VVX   ,2022-09-14,30000042.0
VYGR  ,2023-02-24,39032821.0
WBD   ,2023-12-15,249800000.0
WCC   ,2022-08-08,16043993916.0
WCC   ,2022-09-29,12207449.0
WEST  ,2023-08-09,50000000.0
WEST  ,2023-09-19,18766880.0
WGS   ,2023-02-02,40000000.0
WVE   ,2022-06-21,4157950848.0
WVE   ,2024-01-30,16500000.0
WVE   ,2024-10-01,22335440.0
WYNN  ,2025-04-08,27872500.0
XOM   ,2022-08-08,18042839568.0
XOM   ,2023-08-02,48972562.0
XOM   ,2023-08-03,20437068.0
XOM   ,2023-11-08,26491420.0
YELL  ,2023-08-01,11991649.0
Z     ,2024-06-11,99966743.0
ZBIO  ,2024-09-16,52999982.0
ZBIO  ,2024-09-18,15000001.0
ZI    ,2024-08-09,12736650.0
ZNTL  ,2023-06-20,107861600.0
ZYME  ,2023-06-21,27202000.0
ZYME  ,2024-12-26,17544284.0
ZYME  ,2025-03-13,13120914.0
